age,biomass
1,0.1
2,NA
3,NA
4,NA
5,NA
6,2168.21036
7,NA
8,NA
9,NA
10,NA
11,3418.235735
12,NA
13,NA
14,NA
15,NA
16,5013.407554
17,NA
18,NA
19,NA
20,NA
21,5632.66244
22,NA
23,NA
24,NA
25,NA
26,5761.975219
27,NA
28,NA
29,NA
30,NA
31,5403.16387
32,NA
33,NA
34,NA
35,NA
36,5558.5338
37,NA
38,NA
39,NA
40,NA
41,6341.001301
42,NA
43,NA
44,NA
45,NA
46,6058.923577
47,NA
48,NA
49,NA
50,NA